id,suburb,fuel_code,Feb_2017,Mar_2017,Aug_2017,Sep_2017,Oct_2017,Nov_2017,Dec_2017,Jan_2018,Jun_2018,Oct_2019
10000,Abbotsbury,CNG,0.0,0.0,0.0,0.0,0.0,0.0,0.0,0.0,0.0,0.0
10001,Abbotsford,CNG,0.0,0.0,0.0,0.0,0.0,0.0,0.0,0.0,0.0,0.0
10002,Acacia Gardens,CNG,0.0,0.0,0.0,0.0,0.0,0.0,0.0,0.0,0.0,0.0
10003,Agnes Banks,CNG,0.0,0.0,0.0,0.0,0.0,0.0,0.0,0.0,0.0,0.0
10004,Airds,CNG,0.0,0.0,0.0,0.0,0.0,0.0,0.0,0.0,0.0,0.0
10005,Alexandria,CNG,0.0,0.0,0.0,0.0,0.0,0.0,0.0,0.0,0.0,0.0
10006,Alfords Point,CNG,0.0,0.0,0.0,0.0,0.0,0.0,0.0,0.0,0.0,0.0
10007,Allambie Heights,CNG,0.0,0.0,0.0,0.0,0.0,0.0,0.0,0.0,0.0,0.0
10008,Allawah,CNG,0.0,0.0,0.0,0.0,0.0,0.0,0.0,0.0,0.0,0.0
10009,Ambarvale,CNG,0.0,0.0,0.0,0.0,0.0,0.0,0.0,0.0,0.0,0.0
10010,Annandale,CNG,0.0,0.0,0.0,0.0,0.0,0.0,0.0,0.0,0.0,0.0
10011,Annangrove,CNG,0.0,0.0,0.0,0.0,0.0,0.0,0.0,0.0,0.0,0.0
10012,Arcadia,CNG,0.0,0.0,0.0,0.0,0.0,0.0,0.0,0.0,0.0,0.0
10013,Arncliffe,CNG,0.0,0.0,0.0,0.0,0.0,0.0,0.0,0.0,0.0,0.0
10014,Arndell Park,CNG,0.0,0.0,0.0,0.0,0.0,0.0,0.0,0.0,0.0,0.0
10015,Artarmon,CNG,0.0,0.0,0.0,0.0,0.0,0.0,0.0,0.0,0.0,0.0
10016,Ashbury,CNG,0.0,0.0,0.0,0.0,0.0,0.0,0.0,0.0,0.0,0.0
10017,Ashcroft,CNG,0.0,0.0,0.0,0.0,0.0,0.0,0.0,0.0,0.0,0.0
10018,Ashfield,CNG,0.0,0.0,0.0,0.0,0.0,0.0,0.0,0.0,0.0,0.0
10019,Asquith,CNG,0.0,0.0,0.0,0.0,0.0,0.0,0.0,0.0,0.0,0.0
10020,Auburn,CNG,0.0,0.0,0.0,0.0,0.0,0.0,0.0,0.0,0.0,0.0
10021,Austral,CNG,0.0,0.0,0.0,0.0,0.0,0.0,0.0,0.0,0.0,0.0
10022,Avalon Beach,CNG,0.0,0.0,0.0,0.0,0.0,0.0,0.0,0.0,0.0,0.0
10023,Badgerys Creek,CNG,0.0,0.0,0.0,0.0,0.0,0.0,0.0,0.0,0.0,0.0
10024,Balgowlah,CNG,0.0,0.0,0.0,0.0,0.0,0.0,0.0,0.0,0.0,0.0
10025,Balgowlah Heights,CNG,0.0,0.0,0.0,0.0,0.0,0.0,0.0,0.0,0.0,0.0
10026,Balmain,CNG,0.0,0.0,0.0,0.0,0.0,0.0,0.0,0.0,0.0,0.0
10027,Balmain East,CNG,0.0,0.0,0.0,0.0,0.0,0.0,0.0,0.0,0.0,0.0
10028,Bangor,CNG,0.0,0.0,0.0,0.0,0.0,0.0,0.0,0.0,0.0,0.0
10029,Banksia,CNG,0.0,0.0,0.0,0.0,0.0,0.0,0.0,0.0,0.0,0.0
10030,Banksmeadow,CNG,0.0,0.0,0.0,0.0,0.0,0.0,0.0,0.0,0.0,0.0
10031,Bankstown,CNG,0.0,0.0,0.0,0.0,0.0,0.0,0.0,0.0,0.0,0.0
10032,Bankstown Aerodrome,CNG,0.0,0.0,0.0,0.0,0.0,0.0,0.0,0.0,0.0,0.0
10033,Barangaroo,CNG,0.0,0.0,0.0,0.0,0.0,0.0,0.0,0.0,0.0,0.0
10034,Barden Ridge,CNG,0.0,0.0,0.0,0.0,0.0,0.0,0.0,0.0,0.0,0.0
10035,Bardia,CNG,0.0,0.0,0.0,0.0,0.0,0.0,0.0,0.0,0.0,0.0
10036,Bardwell Park,CNG,0.0,0.0,0.0,0.0,0.0,0.0,0.0,0.0,0.0,0.0
10037,Bardwell Valley,CNG,0.0,0.0,0.0,0.0,0.0,0.0,0.0,0.0,0.0,0.0
10038,Bass Hill,CNG,0.0,0.0,0.0,0.0,0.0,0.0,0.0,0.0,0.0,0.0
10039,Baulkham Hills,CNG,0.0,0.0,0.0,0.0,0.0,0.0,0.0,0.0,0.0,0.0
10040,Bayview,CNG,0.0,0.0,0.0,0.0,0.0,0.0,0.0,0.0,0.0,0.0
10041,Beacon Hill,CNG,0.0,0.0,0.0,0.0,0.0,0.0,0.0,0.0,0.0,0.0
10042,Beaconsfield,CNG,0.0,0.0,0.0,0.0,0.0,0.0,0.0,0.0,0.0,0.0
10043,Beaumont Hills,CNG,0.0,0.0,0.0,0.0,0.0,0.0,0.0,0.0,0.0,0.0
10044,Beecroft,CNG,0.0,0.0,0.0,0.0,0.0,0.0,0.0,0.0,0.0,0.0
10045,Belfield,CNG,0.0,0.0,0.0,0.0,0.0,0.0,0.0,0.0,0.0,0.0
10046,Bella Vista,CNG,0.0,0.0,0.0,0.0,0.0,0.0,0.0,0.0,0.0,0.0
10047,Bellevue Hill,CNG,0.0,0.0,0.0,0.0,0.0,0.0,0.0,0.0,0.0,0.0
10048,Belmore,CNG,0.0,0.0,0.0,0.0,0.0,0.0,0.0,0.0,0.0,0.0
10049,Belrose,CNG,0.0,0.0,0.0,0.0,0.0,0.0,0.0,0.0,0.0,0.0
10050,Berala,CNG,0.0,0.0,0.0,0.0,0.0,0.0,0.0,0.0,0.0,0.0
10051,Berkshire Park,CNG,0.0,0.0,0.0,0.0,0.0,0.0,0.0,0.0,0.0,0.0
10052,Berowra,CNG,0.0,0.0,0.0,0.0,0.0,0.0,0.0,0.0,0.0,0.0
10053,Berowra Creek,CNG,0.0,0.0,0.0,0.0,0.0,0.0,0.0,0.0,0.0,0.0
10054,Berowra Heights,CNG,0.0,0.0,0.0,0.0,0.0,0.0,0.0,0.0,0.0,0.0
10055,Berowra Waters,CNG,0.0,0.0,0.0,0.0,0.0,0.0,0.0,0.0,0.0,0.0
10056,Berrilee,CNG,0.0,0.0,0.0,0.0,0.0,0.0,0.0,0.0,0.0,0.0
10057,Beverley Park,CNG,0.0,0.0,0.0,0.0,0.0,0.0,0.0,0.0,0.0,0.0
10058,Beverly Hills,CNG,0.0,0.0,0.0,0.0,0.0,0.0,0.0,0.0,0.0,0.0
10059,Bexley,CNG,0.0,0.0,0.0,0.0,0.0,0.0,0.0,0.0,0.0,0.0
10060,Bexley North,CNG,0.0,0.0,0.0,0.0,0.0,0.0,0.0,0.0,0.0,0.0
10061,Bickley Vale,CNG,0.0,0.0,0.0,0.0,0.0,0.0,0.0,0.0,0.0,0.0
10062,Bidwill,CNG,0.0,0.0,0.0,0.0,0.0,0.0,0.0,0.0,0.0,0.0
10063,Bilgola Beach,CNG,0.0,0.0,0.0,0.0,0.0,0.0,0.0,0.0,0.0,0.0
10064,Bilgola Plateau,CNG,0.0,0.0,0.0,0.0,0.0,0.0,0.0,0.0,0.0,0.0
10065,Birchgrove,CNG,0.0,0.0,0.0,0.0,0.0,0.0,0.0,0.0,0.0,0.0
10066,Birrong,CNG,0.0,0.0,0.0,0.0,0.0,0.0,0.0,0.0,0.0,0.0
10067,Blackett,CNG,0.0,0.0,0.0,0.0,0.0,0.0,0.0,0.0,0.0,0.0
10068,Blacktown,CNG,0.0,0.0,0.0,0.0,0.0,0.0,0.0,0.0,0.0,0.0
10069,Blair Athol,CNG,0.0,0.0,0.0,0.0,0.0,0.0,0.0,0.0,0.0,0.0
10070,Blairmount,CNG,0.0,0.0,0.0,0.0,0.0,0.0,0.0,0.0,0.0,0.0
10071,Blakehurst,CNG,0.0,0.0,0.0,0.0,0.0,0.0,0.0,0.0,0.0,0.0
10072,Bligh Park,CNG,0.0,0.0,0.0,0.0,0.0,0.0,0.0,0.0,0.0,0.0
10073,Bondi,CNG,0.0,0.0,0.0,0.0,0.0,0.0,0.0,0.0,0.0,0.0
10074,Bondi Beach,CNG,0.0,0.0,0.0,0.0,0.0,0.0,0.0,0.0,0.0,0.0
10075,Bondi Junction,CNG,0.0,0.0,0.0,0.0,0.0,0.0,0.0,0.0,0.0,0.0
10076,Bonnet Bay,CNG,0.0,0.0,0.0,0.0,0.0,0.0,0.0,0.0,0.0,0.0
10077,Bonnyrigg,CNG,0.0,0.0,0.0,0.0,0.0,0.0,0.0,0.0,0.0,0.0
10078,Bonnyrigg Heights,CNG,0.0,0.0,0.0,0.0,0.0,0.0,0.0,0.0,0.0,0.0
10079,Bossley Park,CNG,0.0,0.0,0.0,0.0,0.0,0.0,0.0,0.0,0.0,0.0
10080,Botany,CNG,0.0,0.0,0.0,0.0,0.0,0.0,0.0,0.0,0.0,0.0
10081,Bow Bowing,CNG,0.0,0.0,0.0,0.0,0.0,0.0,0.0,0.0,0.0,0.0
10082,Box Hill,CNG,0.0,0.0,0.0,0.0,0.0,0.0,0.0,0.0,0.0,0.0
10083,Bradbury,CNG,0.0,0.0,0.0,0.0,0.0,0.0,0.0,0.0,0.0,0.0
10084,Breakfast Point,CNG,0.0,0.0,0.0,0.0,0.0,0.0,0.0,0.0,0.0,0.0
10085,Brighton-Le-Sands,CNG,0.0,0.0,0.0,0.0,0.0,0.0,0.0,0.0,0.0,0.0
10086,Bringelly,CNG,0.0,0.0,0.0,0.0,0.0,0.0,0.0,0.0,0.0,0.0
10087,Bronte,CNG,0.0,0.0,0.0,0.0,0.0,0.0,0.0,0.0,0.0,0.0
10088,Brooklyn,CNG,0.0,0.0,0.0,0.0,0.0,0.0,0.0,0.0,0.0,0.0
10089,Brookvale,CNG,0.0,0.0,0.0,0.0,0.0,0.0,0.0,0.0,0.0,0.0
10090,Bundeena,CNG,0.0,0.0,0.0,0.0,0.0,0.0,0.0,0.0,0.0,0.0
10091,Bungarribee,CNG,0.0,0.0,0.0,0.0,0.0,0.0,0.0,0.0,0.0,0.0
10092,Burraneer,CNG,0.0,0.0,0.0,0.0,0.0,0.0,0.0,0.0,0.0,0.0
10093,Burwood,CNG,0.0,0.0,0.0,0.0,0.0,0.0,0.0,0.0,0.0,0.0
10094,Burwood Heights,CNG,0.0,0.0,0.0,0.0,0.0,0.0,0.0,0.0,0.0,0.0
10095,Busby,CNG,0.0,0.0,0.0,0.0,0.0,0.0,0.0,0.0,0.0,0.0
10096,Cabarita,CNG,0.0,0.0,0.0,0.0,0.0,0.0,0.0,0.0,0.0,0.0
10097,Cabramatta,CNG,0.0,0.0,0.0,0.0,0.0,0.0,0.0,0.0,0.0,0.0
10098,Cabramatta West,CNG,0.0,0.0,0.0,0.0,0.0,0.0,0.0,0.0,0.0,0.0
10099,Caddens,CNG,0.0,0.0,0.0,0.0,0.0,0.0,0.0,0.0,0.0,0.0
10100,Cambridge Gardens,CNG,0.0,0.0,0.0,0.0,0.0,0.0,0.0,0.0,0.0,0.0
10101,Cambridge Park,CNG,0.0,0.0,0.0,0.0,0.0,0.0,0.0,0.0,0.0,0.0
10102,Camden,CNG,0.0,0.0,0.0,0.0,0.0,0.0,0.0,0.0,0.0,0.0
10103,Camden South,CNG,0.0,0.0,0.0,0.0,0.0,0.0,0.0,0.0,0.0,0.0
10104,Camellia,CNG,0.0,0.0,0.0,0.0,0.0,0.0,0.0,0.0,0.0,0.0
10105,Cammeray,CNG,0.0,0.0,0.0,0.0,0.0,0.0,0.0,0.0,0.0,0.0
10106,Campbelltown,CNG,0.0,0.0,0.0,0.0,0.0,0.0,0.0,0.0,0.0,0.0
10107,Camperdown,CNG,0.0,0.0,0.0,0.0,0.0,0.0,0.0,0.0,0.0,0.0
10108,Campsie,CNG,0.0,0.0,0.0,0.0,0.0,0.0,0.0,0.0,0.0,0.0
10109,Canada Bay,CNG,0.0,0.0,0.0,0.0,0.0,0.0,0.0,0.0,0.0,0.0
10110,Canley Heights,CNG,0.0,0.0,0.0,0.0,0.0,0.0,0.0,0.0,0.0,0.0
10111,Canley Vale,CNG,0.0,0.0,0.0,0.0,0.0,0.0,0.0,0.0,0.0,0.0
10112,Canoelands,CNG,0.0,0.0,0.0,0.0,0.0,0.0,0.0,0.0,0.0,0.0
10113,Canterbury,CNG,0.0,0.0,0.0,0.0,0.0,0.0,0.0,0.0,0.0,0.0
10114,Caringbah,CNG,0.0,0.0,0.0,0.0,0.0,0.0,0.0,0.0,0.0,0.0
10115,Caringbah South,CNG,0.0,0.0,0.0,0.0,0.0,0.0,0.0,0.0,0.0,0.0
10116,Carlingford,CNG,0.0,0.0,0.0,0.0,0.0,0.0,0.0,0.0,0.0,0.0
10117,Carlton,CNG,0.0,0.0,0.0,0.0,0.0,0.0,0.0,0.0,0.0,0.0
10118,Carnes Hill,CNG,0.0,0.0,0.0,0.0,0.0,0.0,0.0,0.0,0.0,0.0
10119,Carramar,CNG,0.0,0.0,0.0,0.0,0.0,0.0,0.0,0.0,0.0,0.0
10120,Carss Park,CNG,0.0,0.0,0.0,0.0,0.0,0.0,0.0,0.0,0.0,0.0
10121,Cartwright,CNG,0.0,0.0,0.0,0.0,0.0,0.0,0.0,0.0,0.0,0.0
10122,Castle Cove,CNG,0.0,0.0,0.0,0.0,0.0,0.0,0.0,0.0,0.0,0.0
10123,Castle Hill,CNG,0.0,0.0,0.0,0.0,0.0,0.0,0.0,0.0,0.0,0.0
10124,Castlecrag,CNG,0.0,0.0,0.0,0.0,0.0,0.0,0.0,0.0,0.0,0.0
10125,Castlereagh,CNG,0.0,0.0,0.0,0.0,0.0,0.0,0.0,0.0,0.0,0.0
10126,Casula,CNG,0.0,0.0,0.0,0.0,0.0,0.0,0.0,0.0,0.0,0.0
10127,Catherine Field,CNG,0.0,0.0,0.0,0.0,0.0,0.0,0.0,0.0,0.0,0.0
10128,Cattai,CNG,0.0,0.0,0.0,0.0,0.0,0.0,0.0,0.0,0.0,0.0
10129,Cawdor,CNG,0.0,0.0,0.0,0.0,0.0,0.0,0.0,0.0,0.0,0.0
10130,Cecil Hills,CNG,0.0,0.0,0.0,0.0,0.0,0.0,0.0,0.0,0.0,0.0
10131,Cecil Park,CNG,0.0,0.0,0.0,0.0,0.0,0.0,0.0,0.0,0.0,0.0
10132,Centennial Park,CNG,0.0,0.0,0.0,0.0,0.0,0.0,0.0,0.0,0.0,0.0
10133,Chatswood,CNG,0.0,0.0,0.0,0.0,0.0,0.0,0.0,0.0,0.0,0.0
10134,Chatswood West,CNG,0.0,0.0,0.0,0.0,0.0,0.0,0.0,0.0,0.0,0.0
10135,Cheltenham,CNG,0.0,0.0,0.0,0.0,0.0,0.0,0.0,0.0,0.0,0.0
10136,Cherrybrook,CNG,0.0,0.0,0.0,0.0,0.0,0.0,0.0,0.0,0.0,0.0
10137,Chester Hill,CNG,0.0,0.0,0.0,0.0,0.0,0.0,0.0,0.0,0.0,0.0
10138,Chifley,CNG,0.0,0.0,0.0,0.0,0.0,0.0,0.0,0.0,0.0,0.0
10139,Chippendale,CNG,0.0,0.0,0.0,0.0,0.0,0.0,0.0,0.0,0.0,0.0
10140,Chipping Norton,CNG,0.0,0.0,0.0,0.0,0.0,0.0,0.0,0.0,0.0,0.0
10141,Chiswick,CNG,0.0,0.0,0.0,0.0,0.0,0.0,0.0,0.0,0.0,0.0
10142,Chullora,CNG,0.0,0.0,0.0,0.0,0.0,0.0,0.0,0.0,0.0,0.0
10143,Church Point,CNG,0.0,0.0,0.0,0.0,0.0,0.0,0.0,0.0,0.0,0.0
10144,Claremont Meadows,CNG,0.0,0.0,0.0,0.0,0.0,0.0,0.0,0.0,0.0,0.0
10145,Clarendon,CNG,0.0,0.0,0.0,0.0,0.0,0.0,0.0,0.0,0.0,0.0
10146,Clareville,CNG,0.0,0.0,0.0,0.0,0.0,0.0,0.0,0.0,0.0,0.0
10147,Claymore,CNG,0.0,0.0,0.0,0.0,0.0,0.0,0.0,0.0,0.0,0.0
10148,Clemton Park,CNG,0.0,0.0,0.0,0.0,0.0,0.0,0.0,0.0,0.0,0.0
10149,Clontarf,CNG,0.0,0.0,0.0,0.0,0.0,0.0,0.0,0.0,0.0,0.0
10150,Clovelly,CNG,0.0,0.0,0.0,0.0,0.0,0.0,0.0,0.0,0.0,0.0
10151,Clyde,CNG,0.0,0.0,0.0,0.0,0.0,0.0,0.0,0.0,0.0,0.0
10152,Coasters Retreat,CNG,0.0,0.0,0.0,0.0,0.0,0.0,0.0,0.0,0.0,0.0
10153,Cobbitty,CNG,0.0,0.0,0.0,0.0,0.0,0.0,0.0,0.0,0.0,0.0
10154,Colebee,CNG,0.0,0.0,0.0,0.0,0.0,0.0,0.0,0.0,0.0,0.0
10155,Collaroy,CNG,0.0,0.0,0.0,0.0,0.0,0.0,0.0,0.0,0.0,0.0
10156,Collaroy Plateau,CNG,0.0,0.0,0.0,0.0,0.0,0.0,0.0,0.0,0.0,0.0
10157,Colyton,CNG,0.0,0.0,0.0,0.0,0.0,0.0,0.0,0.0,0.0,0.0
10158,Como,CNG,0.0,0.0,0.0,0.0,0.0,0.0,0.0,0.0,0.0,0.0
10159,Concord,CNG,0.0,0.0,0.0,0.0,0.0,0.0,0.0,0.0,0.0,0.0
10160,Concord West,CNG,0.0,0.0,0.0,0.0,0.0,0.0,0.0,0.0,0.0,0.0
10161,Condell Park,CNG,0.0,0.0,0.0,0.0,0.0,0.0,0.0,0.0,0.0,0.0
10162,Connells Point,CNG,0.0,0.0,0.0,0.0,0.0,0.0,0.0,0.0,0.0,0.0
10163,Constitution Hill,CNG,0.0,0.0,0.0,0.0,0.0,0.0,0.0,0.0,0.0,0.0
10164,Coogee,CNG,0.0,0.0,0.0,0.0,0.0,0.0,0.0,0.0,0.0,0.0
10165,Cornwallis,CNG,0.0,0.0,0.0,0.0,0.0,0.0,0.0,0.0,0.0,0.0
10166,Cottage Point,CNG,0.0,0.0,0.0,0.0,0.0,0.0,0.0,0.0,0.0,0.0
10167,Cowan,CNG,0.0,0.0,0.0,0.0,0.0,0.0,0.0,0.0,0.0,0.0
10168,Cranebrook,CNG,0.0,0.0,0.0,0.0,0.0,0.0,0.0,0.0,0.0,0.0
10169,Cremorne,CNG,0.0,0.0,0.0,0.0,0.0,0.0,0.0,0.0,0.0,0.0
10170,Cremorne Point,CNG,0.0,0.0,0.0,0.0,0.0,0.0,0.0,0.0,0.0,0.0
10171,Cromer,CNG,0.0,0.0,0.0,0.0,0.0,0.0,0.0,0.0,0.0,0.0
10172,Cronulla,CNG,0.0,0.0,0.0,0.0,0.0,0.0,0.0,0.0,0.0,0.0
10173,Crows Nest,CNG,0.0,0.0,0.0,0.0,0.0,0.0,0.0,0.0,0.0,0.0
10174,Croydon,CNG,0.0,0.0,0.0,0.0,0.0,0.0,0.0,0.0,0.0,0.0
10175,Croydon Park,CNG,0.0,0.0,0.0,0.0,0.0,0.0,0.0,0.0,0.0,0.0
10176,Cumberland Reach,CNG,0.0,0.0,0.0,0.0,0.0,0.0,0.0,0.0,0.0,0.0
10177,Curl Curl,CNG,0.0,0.0,0.0,0.0,0.0,0.0,0.0,0.0,0.0,0.0
10178,Currans Hill,CNG,0.0,0.0,0.0,0.0,0.0,0.0,0.0,0.0,0.0,0.0
10179,Currawong Beach,CNG,0.0,0.0,0.0,0.0,0.0,0.0,0.0,0.0,0.0,0.0
10180,Daceyville,CNG,0.0,0.0,0.0,0.0,0.0,0.0,0.0,0.0,0.0,0.0
10181,Dangar Island,CNG,0.0,0.0,0.0,0.0,0.0,0.0,0.0,0.0,0.0,0.0
10182,Darling Point,CNG,0.0,0.0,0.0,0.0,0.0,0.0,0.0,0.0,0.0,0.0
10183,Darlinghurst,CNG,0.0,0.0,0.0,0.0,0.0,0.0,0.0,0.0,0.0,0.0
10184,Darlington,CNG,0.0,0.0,0.0,0.0,0.0,0.0,0.0,0.0,0.0,0.0
10185,Davidson,CNG,0.0,0.0,0.0,0.0,0.0,0.0,0.0,0.0,0.0,0.0
10186,Dawes Point,CNG,0.0,0.0,0.0,0.0,0.0,0.0,0.0,0.0,0.0,0.0
10187,Dean Park,CNG,0.0,0.0,0.0,0.0,0.0,0.0,0.0,0.0,0.0,0.0
10188,Dee Why,CNG,0.0,0.0,0.0,0.0,0.0,0.0,0.0,0.0,0.0,0.0
10189,Denham Court,CNG,0.0,0.0,0.0,0.0,0.0,0.0,0.0,0.0,0.0,0.0
10190,Denistone,CNG,0.0,0.0,0.0,0.0,0.0,0.0,0.0,0.0,0.0,0.0
10191,Denistone East,CNG,0.0,0.0,0.0,0.0,0.0,0.0,0.0,0.0,0.0,0.0
10192,Denistone West,CNG,0.0,0.0,0.0,0.0,0.0,0.0,0.0,0.0,0.0,0.0
10193,Dharruk,CNG,0.0,0.0,0.0,0.0,0.0,0.0,0.0,0.0,0.0,0.0
10194,Dolans Bay,CNG,0.0,0.0,0.0,0.0,0.0,0.0,0.0,0.0,0.0,0.0
10195,Dolls Point,CNG,0.0,0.0,0.0,0.0,0.0,0.0,0.0,0.0,0.0,0.0
10196,Doonside,CNG,0.0,0.0,0.0,0.0,0.0,0.0,0.0,0.0,0.0,0.0
10197,Double Bay,CNG,0.0,0.0,0.0,0.0,0.0,0.0,0.0,0.0,0.0,0.0
10198,Dover Heights,CNG,0.0,0.0,0.0,0.0,0.0,0.0,0.0,0.0,0.0,0.0
10199,Drummoyne,CNG,0.0,0.0,0.0,0.0,0.0,0.0,0.0,0.0,0.0,0.0
10200,Duffys Forest,CNG,0.0,0.0,0.0,0.0,0.0,0.0,0.0,0.0,0.0,0.0
10201,Dulwich Hill,CNG,0.0,0.0,0.0,0.0,0.0,0.0,0.0,0.0,0.0,0.0
10202,Dundas,CNG,0.0,0.0,0.0,0.0,0.0,0.0,0.0,0.0,0.0,0.0
10203,Dundas Valley,CNG,0.0,0.0,0.0,0.0,0.0,0.0,0.0,0.0,0.0,0.0
10204,Dural,CNG,0.0,0.0,0.0,0.0,0.0,0.0,0.0,0.0,0.0,0.0
10205,Eagle Vale,CNG,0.0,0.0,0.0,0.0,0.0,0.0,0.0,0.0,0.0,0.0
10206,Earlwood,CNG,0.0,0.0,0.0,0.0,0.0,0.0,0.0,0.0,0.0,0.0
10207,East Gordon,CNG,0.0,0.0,0.0,0.0,0.0,0.0,0.0,0.0,0.0,0.0
10208,East Hills,CNG,0.0,0.0,0.0,0.0,0.0,0.0,0.0,0.0,0.0,0.0
10209,East Killara,CNG,0.0,0.0,0.0,0.0,0.0,0.0,0.0,0.0,0.0,0.0
10210,East Kurrajong,CNG,0.0,0.0,0.0,0.0,0.0,0.0,0.0,0.0,0.0,0.0
10211,East Lindfield,CNG,0.0,0.0,0.0,0.0,0.0,0.0,0.0,0.0,0.0,0.0
10212,East Ryde,CNG,0.0,0.0,0.0,0.0,0.0,0.0,0.0,0.0,0.0,0.0
10213,Eastern Creek,CNG,0.0,0.0,0.0,0.0,0.0,0.0,0.0,0.0,0.0,0.0
10214,Eastgardens,CNG,0.0,0.0,0.0,0.0,0.0,0.0,0.0,0.0,0.0,0.0
10215,Eastlakes,CNG,0.0,0.0,0.0,0.0,0.0,0.0,0.0,0.0,0.0,0.0
10216,Eastwood,CNG,0.0,0.0,0.0,0.0,0.0,0.0,0.0,0.0,0.0,0.0
10217,Ebenezer,CNG,0.0,0.0,0.0,0.0,0.0,0.0,0.0,0.0,0.0,0.0
10218,Edensor Park,CNG,0.0,0.0,0.0,0.0,0.0,0.0,0.0,0.0,0.0,0.0
10219,Edgecliff,CNG,0.0,0.0,0.0,0.0,0.0,0.0,0.0,0.0,0.0,0.0
10220,Edmondson Park,CNG,0.0,0.0,0.0,0.0,0.0,0.0,0.0,0.0,0.0,0.0
10221,Elanora Heights,CNG,0.0,0.0,0.0,0.0,0.0,0.0,0.0,0.0,0.0,0.0
10222,Elderslie,CNG,0.0,0.0,0.0,0.0,0.0,0.0,0.0,0.0,0.0,0.0
10223,Elizabeth Bay,CNG,0.0,0.0,0.0,0.0,0.0,0.0,0.0,0.0,0.0,0.0
10224,Elizabeth Hills,CNG,0.0,0.0,0.0,0.0,0.0,0.0,0.0,0.0,0.0,0.0
10225,Ellis Lane,CNG,0.0,0.0,0.0,0.0,0.0,0.0,0.0,0.0,0.0,0.0
10226,Elvina Bay,CNG,0.0,0.0,0.0,0.0,0.0,0.0,0.0,0.0,0.0,0.0
10227,Emerton,CNG,0.0,0.0,0.0,0.0,0.0,0.0,0.0,0.0,0.0,0.0
10228,Emu Heights,CNG,0.0,0.0,0.0,0.0,0.0,0.0,0.0,0.0,0.0,0.0
10229,Emu Plains,CNG,0.0,0.0,0.0,0.0,0.0,0.0,0.0,0.0,0.0,0.0
10230,Enfield,CNG,0.0,0.0,0.0,0.0,0.0,0.0,0.0,0.0,0.0,0.0
10231,Engadine,CNG,0.0,0.0,0.0,0.0,0.0,0.0,0.0,0.0,0.0,0.0
10232,Englorie Park,CNG,0.0,0.0,0.0,0.0,0.0,0.0,0.0,0.0,0.0,0.0
10233,Enmore,CNG,0.0,0.0,0.0,0.0,0.0,0.0,0.0,0.0,0.0,0.0
10234,Epping,CNG,0.0,0.0,0.0,0.0,0.0,0.0,0.0,0.0,0.0,0.0
10235,Ermington,CNG,0.0,0.0,0.0,0.0,0.0,0.0,0.0,0.0,0.0,0.0
10236,Erskine Park,CNG,0.0,0.0,0.0,0.0,0.0,0.0,0.0,0.0,0.0,0.0
10237,Erskineville,CNG,0.0,0.0,0.0,0.0,0.0,0.0,0.0,0.0,0.0,0.0
10238,Eschol Park,CNG,0.0,0.0,0.0,0.0,0.0,0.0,0.0,0.0,0.0,0.0
10239,Eveleigh,CNG,0.0,0.0,0.0,0.0,0.0,0.0,0.0,0.0,0.0,0.0
10240,Fairfield,CNG,0.0,0.0,0.0,0.0,0.0,0.0,0.0,0.0,0.0,0.0
10241,Fairfield East,CNG,0.0,0.0,0.0,0.0,0.0,0.0,0.0,0.0,0.0,0.0
10242,Fairfield Heights,CNG,0.0,0.0,0.0,0.0,0.0,0.0,0.0,0.0,0.0,0.0
10243,Fairfield West,CNG,0.0,0.0,0.0,0.0,0.0,0.0,0.0,0.0,0.0,0.0
10244,Fairlight,CNG,0.0,0.0,0.0,0.0,0.0,0.0,0.0,0.0,0.0,0.0
10245,Fiddletown,CNG,0.0,0.0,0.0,0.0,0.0,0.0,0.0,0.0,0.0,0.0
10246,Five Dock,CNG,0.0,0.0,0.0,0.0,0.0,0.0,0.0,0.0,0.0,0.0
10247,Flemington,CNG,0.0,0.0,0.0,0.0,0.0,0.0,0.0,0.0,0.0,0.0
10248,Forest Glen,CNG,0.0,0.0,0.0,0.0,0.0,0.0,0.0,0.0,0.0,0.0
10249,Forest Lodge,CNG,0.0,0.0,0.0,0.0,0.0,0.0,0.0,0.0,0.0,0.0
10250,Forestville,CNG,0.0,0.0,0.0,0.0,0.0,0.0,0.0,0.0,0.0,0.0
10251,Freemans Reach,CNG,0.0,0.0,0.0,0.0,0.0,0.0,0.0,0.0,0.0,0.0
10252,Frenchs Forest,CNG,0.0,0.0,0.0,0.0,0.0,0.0,0.0,0.0,0.0,0.0
10253,Freshwater,CNG,0.0,0.0,0.0,0.0,0.0,0.0,0.0,0.0,0.0,0.0
10254,Galston,CNG,0.0,0.0,0.0,0.0,0.0,0.0,0.0,0.0,0.0,0.0
10255,Georges Hall,CNG,0.0,0.0,0.0,0.0,0.0,0.0,0.0,0.0,0.0,0.0
10256,Gilead,CNG,0.0,0.0,0.0,0.0,0.0,0.0,0.0,0.0,0.0,0.0
10257,Girraween,CNG,0.0,0.0,0.0,0.0,0.0,0.0,0.0,0.0,0.0,0.0
10258,Gladesville,CNG,0.0,0.0,0.0,0.0,0.0,0.0,0.0,0.0,0.0,0.0
10259,Glebe,CNG,0.0,0.0,0.0,0.0,0.0,0.0,0.0,0.0,0.0,0.0
10260,Gledswood Hills,CNG,0.0,0.0,0.0,0.0,0.0,0.0,0.0,0.0,0.0,0.0
10261,Glen Alpine,CNG,0.0,0.0,0.0,0.0,0.0,0.0,0.0,0.0,0.0,0.0
10262,Glendenning,CNG,0.0,0.0,0.0,0.0,0.0,0.0,0.0,0.0,0.0,0.0
10263,Glenfield,CNG,0.0,0.0,0.0,0.0,0.0,0.0,0.0,0.0,0.0,0.0
10264,Glenhaven,CNG,0.0,0.0,0.0,0.0,0.0,0.0,0.0,0.0,0.0,0.0
10265,Glenmore Park,CNG,0.0,0.0,0.0,0.0,0.0,0.0,0.0,0.0,0.0,0.0
10266,Glenorie,CNG,0.0,0.0,0.0,0.0,0.0,0.0,0.0,0.0,0.0,0.0
10267,Glenwood,CNG,0.0,0.0,0.0,0.0,0.0,0.0,0.0,0.0,0.0,0.0
10268,Glossodia,CNG,0.0,0.0,0.0,0.0,0.0,0.0,0.0,0.0,0.0,0.0
10269,Gordon,CNG,0.0,0.0,0.0,0.0,0.0,0.0,0.0,0.0,0.0,0.0
10270,Granville,CNG,0.0,0.0,0.0,0.0,0.0,0.0,0.0,0.0,0.0,0.0
10271,Grasmere,CNG,0.0,0.0,0.0,0.0,0.0,0.0,0.0,0.0,0.0,0.0
10272,Grays Point,CNG,0.0,0.0,0.0,0.0,0.0,0.0,0.0,0.0,0.0,0.0
10273,Great Mackerel Beach,CNG,0.0,0.0,0.0,0.0,0.0,0.0,0.0,0.0,0.0,0.0
10274,Green Valley,CNG,0.0,0.0,0.0,0.0,0.0,0.0,0.0,0.0,0.0,0.0
10275,Greenacre,CNG,0.0,0.0,0.0,0.0,0.0,0.0,0.0,0.0,0.0,0.0
10276,Greendale,CNG,0.0,0.0,0.0,0.0,0.0,0.0,0.0,0.0,0.0,0.0
10277,Greenfield Park,CNG,0.0,0.0,0.0,0.0,0.0,0.0,0.0,0.0,0.0,0.0
10278,Greenhills Beach,CNG,0.0,0.0,0.0,0.0,0.0,0.0,0.0,0.0,0.0,0.0
10279,Greenwich,CNG,0.0,0.0,0.0,0.0,0.0,0.0,0.0,0.0,0.0,0.0
10280,Gregory Hills,CNG,0.0,0.0,0.0,0.0,0.0,0.0,0.0,0.0,0.0,0.0
10281,Greystanes,CNG,0.0,0.0,0.0,0.0,0.0,0.0,0.0,0.0,0.0,0.0
10282,Grose Vale,CNG,0.0,0.0,0.0,0.0,0.0,0.0,0.0,0.0,0.0,0.0
10283,Grose Wold,CNG,0.0,0.0,0.0,0.0,0.0,0.0,0.0,0.0,0.0,0.0
10284,Guildford,CNG,0.0,0.0,0.0,0.0,0.0,0.0,0.0,0.0,0.0,0.0
10285,Guildford West,CNG,0.0,0.0,0.0,0.0,0.0,0.0,0.0,0.0,0.0,0.0
10286,Gymea,CNG,0.0,0.0,0.0,0.0,0.0,0.0,0.0,0.0,0.0,0.0
10287,Gymea Bay,CNG,0.0,0.0,0.0,0.0,0.0,0.0,0.0,0.0,0.0,0.0
10288,Haberfield,CNG,0.0,0.0,0.0,0.0,0.0,0.0,0.0,0.0,0.0,0.0
10289,Hammondville,CNG,0.0,0.0,0.0,0.0,0.0,0.0,0.0,0.0,0.0,0.0
10290,Harrington Park,CNG,0.0,0.0,0.0,0.0,0.0,0.0,0.0,0.0,0.0,0.0
10291,Harris Park,CNG,0.0,0.0,0.0,0.0,0.0,0.0,0.0,0.0,0.0,0.0
10292,Hassall Grove,CNG,0.0,0.0,0.0,0.0,0.0,0.0,0.0,0.0,0.0,0.0
10293,Haymarket,CNG,0.0,0.0,0.0,0.0,0.0,0.0,0.0,0.0,0.0,0.0
10294,Heathcote,CNG,0.0,0.0,0.0,0.0,0.0,0.0,0.0,0.0,0.0,0.0
10295,Hebersham,CNG,0.0,0.0,0.0,0.0,0.0,0.0,0.0,0.0,0.0,0.0
10296,Heckenberg,CNG,0.0,0.0,0.0,0.0,0.0,0.0,0.0,0.0,0.0,0.0
10297,Henley,CNG,0.0,0.0,0.0,0.0,0.0,0.0,0.0,0.0,0.0,0.0
10298,Hillsdale,CNG,0.0,0.0,0.0,0.0,0.0,0.0,0.0,0.0,0.0,0.0
10299,Hinchinbrook,CNG,0.0,0.0,0.0,0.0,0.0,0.0,0.0,0.0,0.0,0.0
10300,Hobartville,CNG,0.0,0.0,0.0,0.0,0.0,0.0,0.0,0.0,0.0,0.0
10301,Holroyd,CNG,0.0,0.0,0.0,0.0,0.0,0.0,0.0,0.0,0.0,0.0
10302,Holsworthy,CNG,0.0,0.0,0.0,0.0,0.0,0.0,0.0,0.0,0.0,0.0
10303,Homebush,CNG,0.0,0.0,0.0,0.0,0.0,0.0,0.0,0.0,0.0,0.0
10304,Homebush West,CNG,0.0,0.0,0.0,0.0,0.0,0.0,0.0,0.0,0.0,0.0
10305,Horningsea Park,CNG,0.0,0.0,0.0,0.0,0.0,0.0,0.0,0.0,0.0,0.0
10306,Hornsby,CNG,0.0,0.0,0.0,0.0,0.0,0.0,0.0,0.0,0.0,0.0
10307,Hornsby Heights,CNG,0.0,0.0,0.0,0.0,0.0,0.0,0.0,0.0,0.0,0.0
10308,Horsley Park,CNG,0.0,0.0,0.0,0.0,0.0,0.0,0.0,0.0,0.0,0.0
10309,Hoxton Park,CNG,0.0,0.0,0.0,0.0,0.0,0.0,0.0,0.0,0.0,0.0
10310,Hunters Hill,CNG,0.0,0.0,0.0,0.0,0.0,0.0,0.0,0.0,0.0,0.0
10311,Huntingwood,CNG,0.0,0.0,0.0,0.0,0.0,0.0,0.0,0.0,0.0,0.0
10312,Huntleys Cove,CNG,0.0,0.0,0.0,0.0,0.0,0.0,0.0,0.0,0.0,0.0
10313,Huntleys Point,CNG,0.0,0.0,0.0,0.0,0.0,0.0,0.0,0.0,0.0,0.0
10314,Hurlstone Park,CNG,0.0,0.0,0.0,0.0,0.0,0.0,0.0,0.0,0.0,0.0
10315,Hurstville,CNG,0.0,0.0,0.0,0.0,0.0,0.0,0.0,0.0,0.0,0.0
10316,Hurstville Grove,CNG,0.0,0.0,0.0,0.0,0.0,0.0,0.0,0.0,0.0,0.0
10317,Illawong,CNG,0.0,0.0,0.0,0.0,0.0,0.0,0.0,0.0,0.0,0.0
10318,Ingleburn,CNG,0.0,0.0,0.0,0.0,0.0,0.0,0.0,0.0,0.0,0.0
10319,Ingleside,CNG,0.0,0.0,0.0,0.0,0.0,0.0,0.0,0.0,0.0,0.0
10320,Jamisontown,CNG,0.0,0.0,0.0,0.0,0.0,0.0,0.0,0.0,0.0,0.0
10321,Jannali,CNG,0.0,0.0,0.0,0.0,0.0,0.0,0.0,0.0,0.0,0.0
10322,Jordan Springs,CNG,0.0,0.0,0.0,0.0,0.0,0.0,0.0,0.0,0.0,0.0
10323,Kangaroo Point,CNG,0.0,0.0,0.0,0.0,0.0,0.0,0.0,0.0,0.0,0.0
10324,Kareela,CNG,0.0,0.0,0.0,0.0,0.0,0.0,0.0,0.0,0.0,0.0
10325,Kearns,CNG,0.0,0.0,0.0,0.0,0.0,0.0,0.0,0.0,0.0,0.0
10326,Kellyville,CNG,0.0,0.0,0.0,0.0,0.0,0.0,0.0,0.0,0.0,0.0
10327,Kellyville Ridge,CNG,0.0,0.0,0.0,0.0,0.0,0.0,0.0,0.0,0.0,0.0
10328,Kemps Creek,CNG,0.0,0.0,0.0,0.0,0.0,0.0,0.0,0.0,0.0,0.0
10329,Kensington,CNG,0.0,0.0,0.0,0.0,0.0,0.0,0.0,0.0,0.0,0.0
10330,Kenthurst,CNG,0.0,0.0,0.0,0.0,0.0,0.0,0.0,0.0,0.0,0.0
10331,Kentlyn,CNG,0.0,0.0,0.0,0.0,0.0,0.0,0.0,0.0,0.0,0.0
10332,Killara,CNG,0.0,0.0,0.0,0.0,0.0,0.0,0.0,0.0,0.0,0.0
10333,Killarney Heights,CNG,0.0,0.0,0.0,0.0,0.0,0.0,0.0,0.0,0.0,0.0
10334,Kings Langley,CNG,0.0,0.0,0.0,0.0,0.0,0.0,0.0,0.0,0.0,0.0
10335,Kings Park,CNG,0.0,0.0,0.0,0.0,0.0,0.0,0.0,0.0,0.0,0.0
10336,Kingsford,CNG,0.0,0.0,0.0,0.0,0.0,0.0,0.0,0.0,0.0,0.0
10337,Kingsgrove,CNG,0.0,0.0,0.0,0.0,0.0,0.0,0.0,0.0,0.0,0.0
10338,Kingswood,CNG,0.0,0.0,0.0,0.0,0.0,0.0,0.0,0.0,0.0,0.0
10339,Kingswood Park,CNG,0.0,0.0,0.0,0.0,0.0,0.0,0.0,0.0,0.0,0.0
10340,Kirkham,CNG,0.0,0.0,0.0,0.0,0.0,0.0,0.0,0.0,0.0,0.0
10341,Kirrawee,CNG,0.0,0.0,0.0,0.0,0.0,0.0,0.0,0.0,0.0,0.0
10342,Kirribilli,CNG,0.0,0.0,0.0,0.0,0.0,0.0,0.0,0.0,0.0,0.0
10343,Kogarah,CNG,0.0,0.0,0.0,0.0,0.0,0.0,0.0,0.0,0.0,0.0
10344,Kogarah Bay,CNG,0.0,0.0,0.0,0.0,0.0,0.0,0.0,0.0,0.0,0.0
10345,Ku-ring-gai Chase,CNG,0.0,0.0,0.0,0.0,0.0,0.0,0.0,0.0,0.0,0.0
10346,Kurmond,CNG,0.0,0.0,0.0,0.0,0.0,0.0,0.0,0.0,0.0,0.0
10347,Kurnell,CNG,0.0,0.0,0.0,0.0,0.0,0.0,0.0,0.0,0.0,0.0
10348,Kurraba Point,CNG,0.0,0.0,0.0,0.0,0.0,0.0,0.0,0.0,0.0,0.0
10349,Kurrajong,CNG,0.0,0.0,0.0,0.0,0.0,0.0,0.0,0.0,0.0,0.0
10350,Kurrajong Hills,CNG,0.0,0.0,0.0,0.0,0.0,0.0,0.0,0.0,0.0,0.0
10351,Kyeemagh,CNG,0.0,0.0,0.0,0.0,0.0,0.0,0.0,0.0,0.0,0.0
10352,Kyle Bay,CNG,0.0,0.0,0.0,0.0,0.0,0.0,0.0,0.0,0.0,0.0
10353,La Perouse,CNG,0.0,0.0,0.0,0.0,0.0,0.0,0.0,0.0,0.0,0.0
10354,Lakemba,CNG,0.0,0.0,0.0,0.0,0.0,0.0,0.0,0.0,0.0,0.0
10355,Lalor Park,CNG,0.0,0.0,0.0,0.0,0.0,0.0,0.0,0.0,0.0,0.0
10356,Lane Cove,CNG,0.0,0.0,0.0,0.0,0.0,0.0,0.0,0.0,0.0,0.0
10357,Lane Cove North,CNG,0.0,0.0,0.0,0.0,0.0,0.0,0.0,0.0,0.0,0.0
10358,Lane Cove West,CNG,0.0,0.0,0.0,0.0,0.0,0.0,0.0,0.0,0.0,0.0
10359,Lansdowne,CNG,0.0,0.0,0.0,0.0,0.0,0.0,0.0,0.0,0.0,0.0
10360,Lansvale,CNG,0.0,0.0,0.0,0.0,0.0,0.0,0.0,0.0,0.0,0.0
10361,Laughtondale,CNG,0.0,0.0,0.0,0.0,0.0,0.0,0.0,0.0,0.0,0.0
10362,Lavender Bay,CNG,0.0,0.0,0.0,0.0,0.0,0.0,0.0,0.0,0.0,0.0
10363,Leets Vale,CNG,0.0,0.0,0.0,0.0,0.0,0.0,0.0,0.0,0.0,0.0
10364,Leichhardt,CNG,0.0,0.0,0.0,0.0,0.0,0.0,0.0,0.0,0.0,0.0
10365,Len Waters Estate,CNG,0.0,0.0,0.0,0.0,0.0,0.0,0.0,0.0,0.0,0.0
10366,Leonay,CNG,0.0,0.0,0.0,0.0,0.0,0.0,0.0,0.0,0.0,0.0
10367,Leppington,CNG,0.0,0.0,0.0,0.0,0.0,0.0,0.0,0.0,0.0,0.0
10368,Lethbridge Park,CNG,0.0,0.0,0.0,0.0,0.0,0.0,0.0,0.0,0.0,0.0
10369,Leumeah,CNG,0.0,0.0,0.0,0.0,0.0,0.0,0.0,0.0,0.0,0.0
10370,Lewisham,CNG,0.0,0.0,0.0,0.0,0.0,0.0,0.0,0.0,0.0,0.0
10371,Liberty Grove,CNG,0.0,0.0,0.0,0.0,0.0,0.0,0.0,0.0,0.0,0.0
10372,Lidcombe,CNG,0.0,0.0,0.0,0.0,0.0,0.0,0.0,0.0,0.0,0.0
10373,Lilli Pilli,CNG,0.0,0.0,0.0,0.0,0.0,0.0,0.0,0.0,0.0,0.0
10374,Lilyfield,CNG,0.0,0.0,0.0,0.0,0.0,0.0,0.0,0.0,0.0,0.0
10375,Lindfield,CNG,0.0,0.0,0.0,0.0,0.0,0.0,0.0,0.0,0.0,0.0
10376,Linley Point,CNG,0.0,0.0,0.0,0.0,0.0,0.0,0.0,0.0,0.0,0.0
10377,Little Bay,CNG,0.0,0.0,0.0,0.0,0.0,0.0,0.0,0.0,0.0,0.0
10378,Liverpool,CNG,0.0,0.0,0.0,0.0,0.0,0.0,0.0,0.0,0.0,0.0
10379,Llandilo,CNG,0.0,0.0,0.0,0.0,0.0,0.0,0.0,0.0,0.0,0.0
10380,Loftus,CNG,0.0,0.0,0.0,0.0,0.0,0.0,0.0,0.0,0.0,0.0
10381,Londonderry,CNG,0.0,0.0,0.0,0.0,0.0,0.0,0.0,0.0,0.0,0.0
10382,Long Point,CNG,0.0,0.0,0.0,0.0,0.0,0.0,0.0,0.0,0.0,0.0
10383,Longueville,CNG,0.0,0.0,0.0,0.0,0.0,0.0,0.0,0.0,0.0,0.0
10384,Lovett Bay,CNG,0.0,0.0,0.0,0.0,0.0,0.0,0.0,0.0,0.0,0.0
10385,Lower Portland,CNG,0.0,0.0,0.0,0.0,0.0,0.0,0.0,0.0,0.0,0.0
10386,Lucas Heights,CNG,0.0,0.0,0.0,0.0,0.0,0.0,0.0,0.0,0.0,0.0
10387,Luddenham,CNG,0.0,0.0,0.0,0.0,0.0,0.0,0.0,0.0,0.0,0.0
10388,Lugarno,CNG,0.0,0.0,0.0,0.0,0.0,0.0,0.0,0.0,0.0,0.0
10389,Lurnea,CNG,0.0,0.0,0.0,0.0,0.0,0.0,0.0,0.0,0.0,0.0
10390,Macquarie Fields,CNG,0.0,0.0,0.0,0.0,0.0,0.0,0.0,0.0,0.0,0.0
10391,Macquarie Links,CNG,0.0,0.0,0.0,0.0,0.0,0.0,0.0,0.0,0.0,0.0
10392,Macquarie Park,CNG,0.0,0.0,0.0,0.0,0.0,0.0,0.0,0.0,0.0,0.0
10393,Maianbar,CNG,0.0,0.0,0.0,0.0,0.0,0.0,0.0,0.0,0.0,0.0
10394,Malabar,CNG,0.0,0.0,0.0,0.0,0.0,0.0,0.0,0.0,0.0,0.0
10395,Manly,CNG,0.0,0.0,0.0,0.0,0.0,0.0,0.0,0.0,0.0,0.0
10396,Manly Vale,CNG,0.0,0.0,0.0,0.0,0.0,0.0,0.0,0.0,0.0,0.0
10397,Maraylya,CNG,0.0,0.0,0.0,0.0,0.0,0.0,0.0,0.0,0.0,0.0
10398,Marayong,CNG,0.0,0.0,0.0,0.0,0.0,0.0,0.0,0.0,0.0,0.0
10399,Maroota,CNG,0.0,0.0,0.0,0.0,0.0,0.0,0.0,0.0,0.0,0.0
10400,Maroubra,CNG,0.0,0.0,0.0,0.0,0.0,0.0,0.0,0.0,0.0,0.0
10401,Marrickville,CNG,0.0,0.0,0.0,0.0,0.0,0.0,0.0,0.0,0.0,0.0
10402,Marsden Park,CNG,0.0,0.0,0.0,0.0,0.0,0.0,0.0,0.0,0.0,0.0
10403,Marsfield,CNG,0.0,0.0,0.0,0.0,0.0,0.0,0.0,0.0,0.0,0.0
10404,Mascot,CNG,0.0,0.0,0.0,0.0,0.0,0.0,0.0,0.0,0.0,0.0
10405,Matraville,CNG,0.0,0.0,0.0,0.0,0.0,0.0,0.0,0.0,0.0,0.0
10406,Mays Hill,CNG,0.0,0.0,0.0,0.0,0.0,0.0,0.0,0.0,0.0,0.0
10407,McCarrs Creek,CNG,0.0,0.0,0.0,0.0,0.0,0.0,0.0,0.0,0.0,0.0
10408,McGraths Hill,CNG,0.0,0.0,0.0,0.0,0.0,0.0,0.0,0.0,0.0,0.0
10409,McMahons Point,CNG,0.0,0.0,0.0,0.0,0.0,0.0,0.0,0.0,0.0,0.0
10410,Meadowbank,CNG,0.0,0.0,0.0,0.0,0.0,0.0,0.0,0.0,0.0,0.0
10411,Melrose Park,CNG,0.0,0.0,0.0,0.0,0.0,0.0,0.0,0.0,0.0,0.0
10412,Menai,CNG,0.0,0.0,0.0,0.0,0.0,0.0,0.0,0.0,0.0,0.0
10413,Menangle Park,CNG,0.0,0.0,0.0,0.0,0.0,0.0,0.0,0.0,0.0,0.0
10414,Merrylands,CNG,0.0,0.0,0.0,0.0,0.0,0.0,0.0,0.0,0.0,0.0
10415,Merrylands West,CNG,0.0,0.0,0.0,0.0,0.0,0.0,0.0,0.0,0.0,0.0
10416,Middle Cove,CNG,0.0,0.0,0.0,0.0,0.0,0.0,0.0,0.0,0.0,0.0
10417,Middle Dural,CNG,0.0,0.0,0.0,0.0,0.0,0.0,0.0,0.0,0.0,0.0
10418,Middleton Grange,CNG,0.0,0.0,0.0,0.0,0.0,0.0,0.0,0.0,0.0,0.0
10419,Miller,CNG,0.0,0.0,0.0,0.0,0.0,0.0,0.0,0.0,0.0,0.0
10420,Millers Point,CNG,0.0,0.0,0.0,0.0,0.0,0.0,0.0,0.0,0.0,0.0
10421,Milperra,CNG,0.0,0.0,0.0,0.0,0.0,0.0,0.0,0.0,0.0,0.0
10422,Milsons Passage,CNG,0.0,0.0,0.0,0.0,0.0,0.0,0.0,0.0,0.0,0.0
10423,Milsons Point,CNG,0.0,0.0,0.0,0.0,0.0,0.0,0.0,0.0,0.0,0.0
10424,Minchinbury,CNG,0.0,0.0,0.0,0.0,0.0,0.0,0.0,0.0,0.0,0.0
10425,Minto,CNG,0.0,0.0,0.0,0.0,0.0,0.0,0.0,0.0,0.0,0.0
10426,Minto Heights,CNG,0.0,0.0,0.0,0.0,0.0,0.0,0.0,0.0,0.0,0.0
10427,Miranda,CNG,0.0,0.0,0.0,0.0,0.0,0.0,0.0,0.0,0.0,0.0
10428,Mona Vale,CNG,0.0,0.0,0.0,0.0,0.0,0.0,0.0,0.0,0.0,0.0
10429,Monterey,CNG,0.0,0.0,0.0,0.0,0.0,0.0,0.0,0.0,0.0,0.0
10430,Moore Park,CNG,0.0,0.0,0.0,0.0,0.0,0.0,0.0,0.0,0.0,0.0
10431,Moorebank,CNG,0.0,0.0,0.0,0.0,0.0,0.0,0.0,0.0,0.0,0.0
10432,Morning Bay,CNG,0.0,0.0,0.0,0.0,0.0,0.0,0.0,0.0,0.0,0.0
10433,Mortdale,CNG,0.0,0.0,0.0,0.0,0.0,0.0,0.0,0.0,0.0,0.0
10434,Mortlake,CNG,0.0,0.0,0.0,0.0,0.0,0.0,0.0,0.0,0.0,0.0
10435,Mosman,CNG,0.0,0.0,0.0,0.0,0.0,0.0,0.0,0.0,0.0,0.0
10436,Mount Annan,CNG,0.0,0.0,0.0,0.0,0.0,0.0,0.0,0.0,0.0,0.0
10437,Mount Colah,CNG,0.0,0.0,0.0,0.0,0.0,0.0,0.0,0.0,0.0,0.0
10438,Mount Druitt,CNG,0.0,0.0,0.0,0.0,0.0,0.0,0.0,0.0,0.0,0.0
10439,Mount Kuring-Gai,CNG,0.0,0.0,0.0,0.0,0.0,0.0,0.0,0.0,0.0,0.0
10440,Mount Lewis,CNG,0.0,0.0,0.0,0.0,0.0,0.0,0.0,0.0,0.0,0.0
10441,Mount Pritchard,CNG,0.0,0.0,0.0,0.0,0.0,0.0,0.0,0.0,0.0,0.0
10442,Mount Vernon,CNG,0.0,0.0,0.0,0.0,0.0,0.0,0.0,0.0,0.0,0.0
10443,Mulgoa,CNG,0.0,0.0,0.0,0.0,0.0,0.0,0.0,0.0,0.0,0.0
10444,Mulgrave,CNG,0.0,0.0,0.0,0.0,0.0,0.0,0.0,0.0,0.0,0.0
10445,Narellan Vale,CNG,0.0,0.0,0.0,0.0,0.0,0.0,0.0,0.0,0.0,0.0
10446,Naremburn,CNG,0.0,0.0,0.0,0.0,0.0,0.0,0.0,0.0,0.0,0.0
10447,Narrabeen,CNG,0.0,0.0,0.0,0.0,0.0,0.0,0.0,0.0,0.0,0.0
10448,Narraweena,CNG,0.0,0.0,0.0,0.0,0.0,0.0,0.0,0.0,0.0,0.0
10449,Narwee,CNG,0.0,0.0,0.0,0.0,0.0,0.0,0.0,0.0,0.0,0.0
10450,Nelson,CNG,0.0,0.0,0.0,0.0,0.0,0.0,0.0,0.0,0.0,0.0
10451,Neutral Bay,CNG,0.0,0.0,0.0,0.0,0.0,0.0,0.0,0.0,0.0,0.0
10452,Newington,CNG,0.0,0.0,0.0,0.0,0.0,0.0,0.0,0.0,0.0,0.0
10453,Newport,CNG,0.0,0.0,0.0,0.0,0.0,0.0,0.0,0.0,0.0,0.0
10454,Newtown,CNG,0.0,0.0,0.0,0.0,0.0,0.0,0.0,0.0,0.0,0.0
10455,Normanhurst,CNG,0.0,0.0,0.0,0.0,0.0,0.0,0.0,0.0,0.0,0.0
10456,North Balgowlah,CNG,0.0,0.0,0.0,0.0,0.0,0.0,0.0,0.0,0.0,0.0
10457,North Bondi,CNG,0.0,0.0,0.0,0.0,0.0,0.0,0.0,0.0,0.0,0.0
10458,North Curl Curl,CNG,0.0,0.0,0.0,0.0,0.0,0.0,0.0,0.0,0.0,0.0
10459,North Epping,CNG,0.0,0.0,0.0,0.0,0.0,0.0,0.0,0.0,0.0,0.0
10460,North Kellyville,CNG,0.0,0.0,0.0,0.0,0.0,0.0,0.0,0.0,0.0,0.0
10461,North Manly,CNG,0.0,0.0,0.0,0.0,0.0,0.0,0.0,0.0,0.0,0.0
10462,North Narrabeen,CNG,0.0,0.0,0.0,0.0,0.0,0.0,0.0,0.0,0.0,0.0
10463,North Parramatta,CNG,0.0,0.0,0.0,0.0,0.0,0.0,0.0,0.0,0.0,0.0
10464,North Richmond,CNG,0.0,0.0,0.0,0.0,0.0,0.0,0.0,0.0,0.0,0.0
10465,North Rocks,CNG,0.0,0.0,0.0,0.0,0.0,0.0,0.0,0.0,0.0,0.0
10466,North Ryde,CNG,0.0,0.0,0.0,0.0,0.0,0.0,0.0,0.0,0.0,0.0
10467,North St Ives,CNG,0.0,0.0,0.0,0.0,0.0,0.0,0.0,0.0,0.0,0.0
10468,North St Marys,CNG,0.0,0.0,0.0,0.0,0.0,0.0,0.0,0.0,0.0,0.0
10469,North Strathfield,CNG,0.0,0.0,0.0,0.0,0.0,0.0,0.0,0.0,0.0,0.0
10470,North Sydney,CNG,0.0,0.0,0.0,0.0,0.0,0.0,0.0,0.0,0.0,0.0
10471,North Turramurra,CNG,0.0,0.0,0.0,0.0,0.0,0.0,0.0,0.0,0.0,0.0
10472,North Wahroonga,CNG,0.0,0.0,0.0,0.0,0.0,0.0,0.0,0.0,0.0,0.0
10473,North Willoughby,CNG,0.0,0.0,0.0,0.0,0.0,0.0,0.0,0.0,0.0,0.0
10474,Northbridge,CNG,0.0,0.0,0.0,0.0,0.0,0.0,0.0,0.0,0.0,0.0
10475,Northmead,CNG,0.0,0.0,0.0,0.0,0.0,0.0,0.0,0.0,0.0,0.0
10476,Northwood,CNG,0.0,0.0,0.0,0.0,0.0,0.0,0.0,0.0,0.0,0.0
10477,Norwest,CNG,0.0,0.0,0.0,0.0,0.0,0.0,0.0,0.0,0.0,0.0
10478,Oakhurst,CNG,0.0,0.0,0.0,0.0,0.0,0.0,0.0,0.0,0.0,0.0
10479,Oakville,CNG,0.0,0.0,0.0,0.0,0.0,0.0,0.0,0.0,0.0,0.0
10480,Oatlands,CNG,0.0,0.0,0.0,0.0,0.0,0.0,0.0,0.0,0.0,0.0
10481,Oatley,CNG,0.0,0.0,0.0,0.0,0.0,0.0,0.0,0.0,0.0,0.0
10482,Old Guildford,CNG,0.0,0.0,0.0,0.0,0.0,0.0,0.0,0.0,0.0,0.0
10483,Old Toongabbie,CNG,0.0,0.0,0.0,0.0,0.0,0.0,0.0,0.0,0.0,0.0
10484,Oran Park,CNG,0.0,0.0,0.0,0.0,0.0,0.0,0.0,0.0,0.0,0.0
10485,Orchard Hills,CNG,0.0,0.0,0.0,0.0,0.0,0.0,0.0,0.0,0.0,0.0
10486,Oxford Falls,CNG,0.0,0.0,0.0,0.0,0.0,0.0,0.0,0.0,0.0,0.0
10487,Oxley Park,CNG,0.0,0.0,0.0,0.0,0.0,0.0,0.0,0.0,0.0,0.0
10488,Oyster Bay,CNG,0.0,0.0,0.0,0.0,0.0,0.0,0.0,0.0,0.0,0.0
10489,Paddington,CNG,0.0,0.0,0.0,0.0,0.0,0.0,0.0,0.0,0.0,0.0
10490,Padstow,CNG,0.0,0.0,0.0,0.0,0.0,0.0,0.0,0.0,0.0,0.0
10491,Padstow Heights,CNG,0.0,0.0,0.0,0.0,0.0,0.0,0.0,0.0,0.0,0.0
10492,Pagewood,CNG,0.0,0.0,0.0,0.0,0.0,0.0,0.0,0.0,0.0,0.0
10493,Palm Beach,CNG,0.0,0.0,0.0,0.0,0.0,0.0,0.0,0.0,0.0,0.0
10494,Panania,CNG,0.0,0.0,0.0,0.0,0.0,0.0,0.0,0.0,0.0,0.0
10495,Parklea,CNG,0.0,0.0,0.0,0.0,0.0,0.0,0.0,0.0,0.0,0.0
10496,Parramatta,CNG,0.0,0.0,0.0,0.0,0.0,0.0,0.0,0.0,0.0,0.0
10497,Peakhurst,CNG,0.0,0.0,0.0,0.0,0.0,0.0,0.0,0.0,0.0,0.0
10498,Peakhurst Heights,CNG,0.0,0.0,0.0,0.0,0.0,0.0,0.0,0.0,0.0,0.0
10499,Pemulwuy,CNG,0.0,0.0,0.0,0.0,0.0,0.0,0.0,0.0,0.0,0.0
10500,Pendle Hill,CNG,0.0,0.0,0.0,0.0,0.0,0.0,0.0,0.0,0.0,0.0
10501,Pennant Hills,CNG,0.0,0.0,0.0,0.0,0.0,0.0,0.0,0.0,0.0,0.0
10502,Penrith,CNG,0.0,0.0,0.0,0.0,0.0,0.0,0.0,0.0,0.0,0.0
10503,Penshurst,CNG,0.0,0.0,0.0,0.0,0.0,0.0,0.0,0.0,0.0,0.0
10504,Petersham,CNG,0.0,0.0,0.0,0.0,0.0,0.0,0.0,0.0,0.0,0.0
10505,Phillip Bay,CNG,0.0,0.0,0.0,0.0,0.0,0.0,0.0,0.0,0.0,0.0
10506,Picnic Point,CNG,0.0,0.0,0.0,0.0,0.0,0.0,0.0,0.0,0.0,0.0
10507,Pitt Town,CNG,0.0,0.0,0.0,0.0,0.0,0.0,0.0,0.0,0.0,0.0
10508,Pitt Town Bottoms,CNG,0.0,0.0,0.0,0.0,0.0,0.0,0.0,0.0,0.0,0.0
10509,Pleasure Point,CNG,0.0,0.0,0.0,0.0,0.0,0.0,0.0,0.0,0.0,0.0
10510,Plumpton,CNG,0.0,0.0,0.0,0.0,0.0,0.0,0.0,0.0,0.0,0.0
10511,Point Piper,CNG,0.0,0.0,0.0,0.0,0.0,0.0,0.0,0.0,0.0,0.0
10512,Port Botany,CNG,0.0,0.0,0.0,0.0,0.0,0.0,0.0,0.0,0.0,0.0
10513,Port Hacking,CNG,0.0,0.0,0.0,0.0,0.0,0.0,0.0,0.0,0.0,0.0
10514,Potts Hill,CNG,0.0,0.0,0.0,0.0,0.0,0.0,0.0,0.0,0.0,0.0
10515,Potts Point,CNG,0.0,0.0,0.0,0.0,0.0,0.0,0.0,0.0,0.0,0.0
10516,Prairiewood,CNG,0.0,0.0,0.0,0.0,0.0,0.0,0.0,0.0,0.0,0.0
10517,Prestons,CNG,0.0,0.0,0.0,0.0,0.0,0.0,0.0,0.0,0.0,0.0
10518,Prospect,CNG,0.0,0.0,0.0,0.0,0.0,0.0,0.0,0.0,0.0,0.0
10519,Punchbowl,CNG,0.0,0.0,0.0,0.0,0.0,0.0,0.0,0.0,0.0,0.0
10520,Putney,CNG,0.0,0.0,0.0,0.0,0.0,0.0,0.0,0.0,0.0,0.0
10521,Pymble,CNG,0.0,0.0,0.0,0.0,0.0,0.0,0.0,0.0,0.0,0.0
10522,Pyrmont,CNG,0.0,0.0,0.0,0.0,0.0,0.0,0.0,0.0,0.0,0.0
10523,Quakers Hill,CNG,0.0,0.0,0.0,0.0,0.0,0.0,0.0,0.0,0.0,0.0
10524,Queens Park,CNG,0.0,0.0,0.0,0.0,0.0,0.0,0.0,0.0,0.0,0.0
10525,Queenscliff,CNG,0.0,0.0,0.0,0.0,0.0,0.0,0.0,0.0,0.0,0.0
10526,Raby,CNG,0.0,0.0,0.0,0.0,0.0,0.0,0.0,0.0,0.0,0.0
10527,Ramsgate,CNG,0.0,0.0,0.0,0.0,0.0,0.0,0.0,0.0,0.0,0.0
10528,Ramsgate Beach,CNG,0.0,0.0,0.0,0.0,0.0,0.0,0.0,0.0,0.0,0.0
10529,Randwick,CNG,0.0,0.0,0.0,0.0,0.0,0.0,0.0,0.0,0.0,0.0
10530,Redfern,CNG,0.0,0.0,0.0,0.0,0.0,0.0,0.0,0.0,0.0,0.0
10531,Regents Park,CNG,0.0,0.0,0.0,0.0,0.0,0.0,0.0,0.0,0.0,0.0
10532,Regentville,CNG,0.0,0.0,0.0,0.0,0.0,0.0,0.0,0.0,0.0,0.0
10533,Revesby,CNG,0.0,0.0,0.0,0.0,0.0,0.0,0.0,0.0,0.0,0.0
10534,Revesby Heights,CNG,0.0,0.0,0.0,0.0,0.0,0.0,0.0,0.0,0.0,0.0
10535,Rhodes,CNG,0.0,0.0,0.0,0.0,0.0,0.0,0.0,0.0,0.0,0.0
10536,Richmond,CNG,0.0,0.0,0.0,0.0,0.0,0.0,0.0,0.0,0.0,0.0
10537,Richmond Lowlands,CNG,0.0,0.0,0.0,0.0,0.0,0.0,0.0,0.0,0.0,0.0
10538,Riverstone,CNG,0.0,0.0,0.0,0.0,0.0,0.0,0.0,0.0,0.0,0.0
10539,Riverview,CNG,0.0,0.0,0.0,0.0,0.0,0.0,0.0,0.0,0.0,0.0
10540,Riverwood,CNG,0.0,0.0,0.0,0.0,0.0,0.0,0.0,0.0,0.0,0.0
10541,Rockdale,CNG,0.0,0.0,0.0,0.0,0.0,0.0,0.0,0.0,0.0,0.0
10542,Rodd Point,CNG,0.0,0.0,0.0,0.0,0.0,0.0,0.0,0.0,0.0,0.0
10543,Rookwood,CNG,0.0,0.0,0.0,0.0,0.0,0.0,0.0,0.0,0.0,0.0
10544,Rooty Hill,CNG,0.0,0.0,0.0,0.0,0.0,0.0,0.0,0.0,0.0,0.0
10545,Ropes Crossing,CNG,0.0,0.0,0.0,0.0,0.0,0.0,0.0,0.0,0.0,0.0
10546,Rose Bay,CNG,0.0,0.0,0.0,0.0,0.0,0.0,0.0,0.0,0.0,0.0
10547,Rosebery,CNG,0.0,0.0,0.0,0.0,0.0,0.0,0.0,0.0,0.0,0.0
10548,Rosehill,CNG,0.0,0.0,0.0,0.0,0.0,0.0,0.0,0.0,0.0,0.0
10549,Roselands,CNG,0.0,0.0,0.0,0.0,0.0,0.0,0.0,0.0,0.0,0.0
10550,Rosemeadow,CNG,0.0,0.0,0.0,0.0,0.0,0.0,0.0,0.0,0.0,0.0
10551,Roseville,CNG,0.0,0.0,0.0,0.0,0.0,0.0,0.0,0.0,0.0,0.0
10552,Roseville Chase,CNG,0.0,0.0,0.0,0.0,0.0,0.0,0.0,0.0,0.0,0.0
10553,Rossmore,CNG,0.0,0.0,0.0,0.0,0.0,0.0,0.0,0.0,0.0,0.0
10554,Rouse Hill,CNG,0.0,0.0,0.0,0.0,0.0,0.0,0.0,0.0,0.0,0.0
10555,Royal National Park,CNG,0.0,0.0,0.0,0.0,0.0,0.0,0.0,0.0,0.0,0.0
10556,Rozelle,CNG,0.0,0.0,0.0,0.0,0.0,0.0,0.0,0.0,0.0,0.0
10557,Ruse,CNG,0.0,0.0,0.0,0.0,0.0,0.0,0.0,0.0,0.0,0.0
10558,Rushcutters Bay,CNG,0.0,0.0,0.0,0.0,0.0,0.0,0.0,0.0,0.0,0.0
10559,Russell Lea,CNG,0.0,0.0,0.0,0.0,0.0,0.0,0.0,0.0,0.0,0.0
10560,Rydalmere,CNG,0.0,0.0,0.0,0.0,0.0,0.0,0.0,0.0,0.0,0.0
10561,Ryde,CNG,0.0,0.0,0.0,0.0,0.0,0.0,0.0,0.0,0.0,0.0
10562,Sackville,CNG,0.0,0.0,0.0,0.0,0.0,0.0,0.0,0.0,0.0,0.0
10563,Sackville North,CNG,0.0,0.0,0.0,0.0,0.0,0.0,0.0,0.0,0.0,0.0
10564,Sadleir,CNG,0.0,0.0,0.0,0.0,0.0,0.0,0.0,0.0,0.0,0.0
10565,Sandringham,CNG,0.0,0.0,0.0,0.0,0.0,0.0,0.0,0.0,0.0,0.0
10566,Sandy Point,CNG,0.0,0.0,0.0,0.0,0.0,0.0,0.0,0.0,0.0,0.0
10567,Sans Souci,CNG,0.0,0.0,0.0,0.0,0.0,0.0,0.0,0.0,0.0,0.0
10568,Scheyville,CNG,0.0,0.0,0.0,0.0,0.0,0.0,0.0,0.0,0.0,0.0
10569,Schofields,CNG,0.0,0.0,0.0,0.0,0.0,0.0,0.0,0.0,0.0,0.0
10570,Scotland Island,CNG,0.0,0.0,0.0,0.0,0.0,0.0,0.0,0.0,0.0,0.0
10571,Seaforth,CNG,0.0,0.0,0.0,0.0,0.0,0.0,0.0,0.0,0.0,0.0
10572,Sefton,CNG,0.0,0.0,0.0,0.0,0.0,0.0,0.0,0.0,0.0,0.0
10573,Seven Hills,CNG,0.0,0.0,0.0,0.0,0.0,0.0,0.0,0.0,0.0,0.0
10574,Shalvey,CNG,0.0,0.0,0.0,0.0,0.0,0.0,0.0,0.0,0.0,0.0
10575,Shanes Park,CNG,0.0,0.0,0.0,0.0,0.0,0.0,0.0,0.0,0.0,0.0
10576,Silverwater,CNG,0.0,0.0,0.0,0.0,0.0,0.0,0.0,0.0,0.0,0.0
10577,Singletons Mill,CNG,0.0,0.0,0.0,0.0,0.0,0.0,0.0,0.0,0.0,0.0
10578,Smeaton Grange,CNG,0.0,0.0,0.0,0.0,0.0,0.0,0.0,0.0,0.0,0.0
10579,Smithfield,CNG,0.0,0.0,0.0,0.0,0.0,0.0,0.0,0.0,0.0,0.0
10580,South Coogee,CNG,0.0,0.0,0.0,0.0,0.0,0.0,0.0,0.0,0.0,0.0
10581,South Granville,CNG,0.0,0.0,0.0,0.0,0.0,0.0,0.0,0.0,0.0,0.0
10582,South Hurstville,CNG,0.0,0.0,0.0,0.0,0.0,0.0,0.0,0.0,0.0,0.0
10583,South Maroota,CNG,0.0,0.0,0.0,0.0,0.0,0.0,0.0,0.0,0.0,0.0
10584,South Penrith,CNG,0.0,0.0,0.0,0.0,0.0,0.0,0.0,0.0,0.0,0.0
10585,South Turramurra,CNG,0.0,0.0,0.0,0.0,0.0,0.0,0.0,0.0,0.0,0.0
10586,South Wentworthville,CNG,0.0,0.0,0.0,0.0,0.0,0.0,0.0,0.0,0.0,0.0
10587,South Windsor,CNG,0.0,0.0,0.0,0.0,0.0,0.0,0.0,0.0,0.0,0.0
10588,Spring Farm,CNG,0.0,0.0,0.0,0.0,0.0,0.0,0.0,0.0,0.0,0.0
10589,St Andrews,CNG,0.0,0.0,0.0,0.0,0.0,0.0,0.0,0.0,0.0,0.0
10590,St Clair,CNG,0.0,0.0,0.0,0.0,0.0,0.0,0.0,0.0,0.0,0.0
10591,St Helens Park,CNG,0.0,0.0,0.0,0.0,0.0,0.0,0.0,0.0,0.0,0.0
10592,St Ives,CNG,0.0,0.0,0.0,0.0,0.0,0.0,0.0,0.0,0.0,0.0
10593,St Ives Chase,CNG,0.0,0.0,0.0,0.0,0.0,0.0,0.0,0.0,0.0,0.0
10594,St Johns Park,CNG,0.0,0.0,0.0,0.0,0.0,0.0,0.0,0.0,0.0,0.0
10595,St Leonards,CNG,0.0,0.0,0.0,0.0,0.0,0.0,0.0,0.0,0.0,0.0
10596,St Marys,CNG,0.0,0.0,0.0,0.0,0.0,0.0,0.0,0.0,0.0,0.0
10597,St Peters,CNG,0.0,0.0,0.0,0.0,0.0,0.0,0.0,0.0,0.0,0.0
10598,Stanhope Gardens,CNG,0.0,0.0,0.0,0.0,0.0,0.0,0.0,0.0,0.0,0.0
10599,Stanmore,CNG,0.0,0.0,0.0,0.0,0.0,0.0,0.0,0.0,0.0,0.0
10600,Strathfield,CNG,0.0,0.0,0.0,0.0,0.0,0.0,0.0,0.0,0.0,0.0
10601,Strathfield South,CNG,0.0,0.0,0.0,0.0,0.0,0.0,0.0,0.0,0.0,0.0
10602,Summer Hill,CNG,0.0,0.0,0.0,0.0,0.0,0.0,0.0,0.0,0.0,0.0
10603,Surry Hills,CNG,0.0,0.0,0.0,0.0,0.0,0.0,0.0,0.0,0.0,0.0
10604,Sutherland,CNG,0.0,0.0,0.0,0.0,0.0,0.0,0.0,0.0,0.0,0.0
10605,Sydenham,CNG,0.0,0.0,0.0,0.0,0.0,0.0,0.0,0.0,0.0,0.0
10606,Sydney,CNG,0.0,0.0,0.0,0.0,0.0,0.0,0.0,0.0,0.0,0.0
10607,Sydney Olympic Park,CNG,0.0,0.0,0.0,0.0,0.0,0.0,0.0,0.0,0.0,0.0
10608,Sylvania,CNG,0.0,0.0,0.0,0.0,0.0,0.0,0.0,0.0,0.0,0.0
10609,Sylvania Waters,CNG,0.0,0.0,0.0,0.0,0.0,0.0,0.0,0.0,0.0,0.0
10610,Tamarama,CNG,0.0,0.0,0.0,0.0,0.0,0.0,0.0,0.0,0.0,0.0
10611,Taren Point,CNG,0.0,0.0,0.0,0.0,0.0,0.0,0.0,0.0,0.0,0.0
10612,Telopea,CNG,0.0,0.0,0.0,0.0,0.0,0.0,0.0,0.0,0.0,0.0
10613,Tempe,CNG,0.0,0.0,0.0,0.0,0.0,0.0,0.0,0.0,0.0,0.0
10614,Tennyson,CNG,0.0,0.0,0.0,0.0,0.0,0.0,0.0,0.0,0.0,0.0
10615,Tennyson Point,CNG,0.0,0.0,0.0,0.0,0.0,0.0,0.0,0.0,0.0,0.0
10616,Terrey Hills,CNG,0.0,0.0,0.0,0.0,0.0,0.0,0.0,0.0,0.0,0.0
10617,The Ponds,CNG,0.0,0.0,0.0,0.0,0.0,0.0,0.0,0.0,0.0,0.0
10618,The Rocks,CNG,0.0,0.0,0.0,0.0,0.0,0.0,0.0,0.0,0.0,0.0
10619,The Slopes,CNG,0.0,0.0,0.0,0.0,0.0,0.0,0.0,0.0,0.0,0.0
10620,Thornleigh,CNG,0.0,0.0,0.0,0.0,0.0,0.0,0.0,0.0,0.0,0.0
10621,Toongabbie,CNG,0.0,0.0,0.0,0.0,0.0,0.0,0.0,0.0,0.0,0.0
10622,Tregear,CNG,0.0,0.0,0.0,0.0,0.0,0.0,0.0,0.0,0.0,0.0
10623,Turramurra,CNG,0.0,0.0,0.0,0.0,0.0,0.0,0.0,0.0,0.0,0.0
10624,Turrella,CNG,0.0,0.0,0.0,0.0,0.0,0.0,0.0,0.0,0.0,0.0
10625,Ultimo,CNG,0.0,0.0,0.0,0.0,0.0,0.0,0.0,0.0,0.0,0.0
10626,Varroville,CNG,0.0,0.0,0.0,0.0,0.0,0.0,0.0,0.0,0.0,0.0
10627,Vaucluse,CNG,0.0,0.0,0.0,0.0,0.0,0.0,0.0,0.0,0.0,0.0
10628,Villawood,CNG,0.0,0.0,0.0,0.0,0.0,0.0,0.0,0.0,0.0,0.0
10629,Vineyard,CNG,0.0,0.0,0.0,0.0,0.0,0.0,0.0,0.0,0.0,0.0
10630,Voyager Point,CNG,0.0,0.0,0.0,0.0,0.0,0.0,0.0,0.0,0.0,0.0
10631,Wahroonga,CNG,0.0,0.0,0.0,0.0,0.0,0.0,0.0,0.0,0.0,0.0
10632,Waitara,CNG,0.0,0.0,0.0,0.0,0.0,0.0,0.0,0.0,0.0,0.0
10633,Wakeley,CNG,0.0,0.0,0.0,0.0,0.0,0.0,0.0,0.0,0.0,0.0
10634,Wallacia,CNG,0.0,0.0,0.0,0.0,0.0,0.0,0.0,0.0,0.0,0.0
10635,Wareemba,CNG,0.0,0.0,0.0,0.0,0.0,0.0,0.0,0.0,0.0,0.0
10636,Warrawee,CNG,0.0,0.0,0.0,0.0,0.0,0.0,0.0,0.0,0.0,0.0
10637,Warriewood,CNG,0.0,0.0,0.0,0.0,0.0,0.0,0.0,0.0,0.0,0.0
10638,Warwick Farm,CNG,0.0,0.0,0.0,0.0,0.0,0.0,0.0,0.0,0.0,0.0
10639,Waterfall,CNG,0.0,0.0,0.0,0.0,0.0,0.0,0.0,0.0,0.0,0.0
10640,Waterloo,CNG,0.0,0.0,0.0,0.0,0.0,0.0,0.0,0.0,0.0,0.0
10641,Watsons Bay,CNG,0.0,0.0,0.0,0.0,0.0,0.0,0.0,0.0,0.0,0.0
10642,Wattle Grove,CNG,0.0,0.0,0.0,0.0,0.0,0.0,0.0,0.0,0.0,0.0
10643,Waverley,CNG,0.0,0.0,0.0,0.0,0.0,0.0,0.0,0.0,0.0,0.0
10644,Waverton,CNG,0.0,0.0,0.0,0.0,0.0,0.0,0.0,0.0,0.0,0.0
10645,Wedderburn,CNG,0.0,0.0,0.0,0.0,0.0,0.0,0.0,0.0,0.0,0.0
10646,Wentworth Point,CNG,0.0,0.0,0.0,0.0,0.0,0.0,0.0,0.0,0.0,0.0
10647,Wentworthville,CNG,0.0,0.0,0.0,0.0,0.0,0.0,0.0,0.0,0.0,0.0
10648,Werrington,CNG,0.0,0.0,0.0,0.0,0.0,0.0,0.0,0.0,0.0,0.0
10649,Werrington County,CNG,0.0,0.0,0.0,0.0,0.0,0.0,0.0,0.0,0.0,0.0
10650,Werrington Downs,CNG,0.0,0.0,0.0,0.0,0.0,0.0,0.0,0.0,0.0,0.0
10651,West Hoxton,CNG,0.0,0.0,0.0,0.0,0.0,0.0,0.0,0.0,0.0,0.0
10652,West Killara,CNG,0.0,0.0,0.0,0.0,0.0,0.0,0.0,0.0,0.0,0.0
10653,West Lindfield,CNG,0.0,0.0,0.0,0.0,0.0,0.0,0.0,0.0,0.0,0.0
10654,West Pennant Hills,CNG,0.0,0.0,0.0,0.0,0.0,0.0,0.0,0.0,0.0,0.0
10655,West Pymble,CNG,0.0,0.0,0.0,0.0,0.0,0.0,0.0,0.0,0.0,0.0
10656,West Ryde,CNG,0.0,0.0,0.0,0.0,0.0,0.0,0.0,0.0,0.0,0.0
10657,Westleigh,CNG,0.0,0.0,0.0,0.0,0.0,0.0,0.0,0.0,0.0,0.0
10658,Westmead,CNG,0.0,0.0,0.0,0.0,0.0,0.0,0.0,0.0,0.0,0.0
10659,Wetherill Park,CNG,0.0,0.0,0.0,0.0,0.0,0.0,0.0,0.0,0.0,0.0
10660,Whalan,CNG,0.0,0.0,0.0,0.0,0.0,0.0,0.0,0.0,0.0,0.0
10661,Whale Beach,CNG,0.0,0.0,0.0,0.0,0.0,0.0,0.0,0.0,0.0,0.0
10662,Wheeler Heights,CNG,0.0,0.0,0.0,0.0,0.0,0.0,0.0,0.0,0.0,0.0
10663,Wilberforce,CNG,0.0,0.0,0.0,0.0,0.0,0.0,0.0,0.0,0.0,0.0
10664,Wiley Park,CNG,0.0,0.0,0.0,0.0,0.0,0.0,0.0,0.0,0.0,0.0
10665,Willmot,CNG,0.0,0.0,0.0,0.0,0.0,0.0,0.0,0.0,0.0,0.0
10666,Willoughby,CNG,0.0,0.0,0.0,0.0,0.0,0.0,0.0,0.0,0.0,0.0
10667,Willoughby East,CNG,0.0,0.0,0.0,0.0,0.0,0.0,0.0,0.0,0.0,0.0
10668,Windsor,CNG,0.0,0.0,0.0,0.0,0.0,0.0,0.0,0.0,0.0,0.0
10669,Windsor Downs,CNG,0.0,0.0,0.0,0.0,0.0,0.0,0.0,0.0,0.0,0.0
10670,Winston Hills,CNG,0.0,0.0,0.0,0.0,0.0,0.0,0.0,0.0,0.0,0.0
10671,Wisemans Ferry,CNG,0.0,0.0,0.0,0.0,0.0,0.0,0.0,0.0,0.0,0.0
10672,Wolli Creek,CNG,0.0,0.0,0.0,0.0,0.0,0.0,0.0,0.0,0.0,0.0
10673,Wollstonecraft,CNG,0.0,0.0,0.0,0.0,0.0,0.0,0.0,0.0,0.0,0.0
10674,Woodbine,CNG,0.0,0.0,0.0,0.0,0.0,0.0,0.0,0.0,0.0,0.0
10675,Woodcroft,CNG,0.0,0.0,0.0,0.0,0.0,0.0,0.0,0.0,0.0,0.0
10676,Woodpark,CNG,0.0,0.0,0.0,0.0,0.0,0.0,0.0,0.0,0.0,0.0
10677,Woollahra,CNG,0.0,0.0,0.0,0.0,0.0,0.0,0.0,0.0,0.0,0.0
10678,Woolloomooloo,CNG,0.0,0.0,0.0,0.0,0.0,0.0,0.0,0.0,0.0,0.0
10679,Woolooware,CNG,0.0,0.0,0.0,0.0,0.0,0.0,0.0,0.0,0.0,0.0
10680,Woolwich,CNG,0.0,0.0,0.0,0.0,0.0,0.0,0.0,0.0,0.0,0.0
10681,Woronora,CNG,0.0,0.0,0.0,0.0,0.0,0.0,0.0,0.0,0.0,0.0
10682,Woronora Heights,CNG,0.0,0.0,0.0,0.0,0.0,0.0,0.0,0.0,0.0,0.0
10683,Yagoona,CNG,0.0,0.0,0.0,0.0,0.0,0.0,0.0,0.0,0.0,0.0
10684,Yarramundi,CNG,0.0,0.0,0.0,0.0,0.0,0.0,0.0,0.0,0.0,0.0
10685,Yarrawarrah,CNG,0.0,0.0,0.0,0.0,0.0,0.0,0.0,0.0,0.0,0.0
10686,Yennora,CNG,0.0,0.0,0.0,0.0,0.0,0.0,0.0,0.0,0.0,0.0
10687,Yowie Bay,CNG,0.0,0.0,0.0,0.0,0.0,0.0,0.0,0.0,0.0,0.0
10688,Zetland,CNG,0.0,0.0,0.0,0.0,0.0,0.0,0.0,0.0,0.0,0.0
